y_true,y_prob,y_pred
0,0.19184263,0
0,0.43368852,0
0,0.0005199503,0
0,0.00038725455,0
0,2.5367945e-05,0
0,1.6162586e-07,0
0,0.01612243,0
0,0.75372577,1
0,2.3478704e-05,0
0,8.399818e-06,0
0,2.2967602e-06,0
0,0.15929289,0
0,0.05553008,0
0,8.760077e-05,0
0,0.6094032,1
0,0.0022986357,0
0,2.2701344e-05,0
0,0.0368522,0
0,0.026741313,0
0,0.0017247094,0
0,0.002031161,0
0,8.358883e-07,0
0,0.0076416316,0
0,0.25571954,0
0,0.00028875837,0
0,9.580111e-06,0
0,0.9932092,1
0,0.0019368273,0
0,0.0001316943,0
0,0.009387374,0
0,0.10776436,0
0,0.6651685,1
0,0.04107002,0
0,0.15788817,0
0,8.029647e-05,0
0,0.09371135,0
0,1.0758208e-05,0
0,0.00020989131,0
0,0.766989,1
0,0.0001861954,0
0,0.45533845,0
0,2.5863828e-06,0
0,3.7724128e-06,0
0,0.0011309028,0
0,0.011309471,0
0,0.00037698777,0
0,0.0007772501,0
0,0.034451645,0
0,2.690508e-05,0
0,0.72450566,1
0,0.0021460138,0
0,0.09465261,0
0,3.4170265e-05,0
0,0.9818987,1
0,7.512176e-06,0
0,0.1139735,0
0,0.9405737,1
0,0.84004897,1
0,5.622972e-05,0
0,0.88110936,1
0,1.3172185e-07,0
0,0.019386627,0
0,4.047273e-06,0
0,0.00019825906,0
0,0.0020132256,0
0,0.013165363,0
0,0.0003867755,0
0,0.017859742,0
0,6.793927e-05,0
0,0.014372606,0
0,0.21936147,0
0,7.781378e-07,0
0,0.00018142155,0
0,0.013613522,0
0,1.963647e-05,0
0,2.3112919e-07,0
0,2.1649776e-06,0
0,0.0033204642,0
0,7.535753e-08,0
0,0.0008076533,0
0,1.8472216e-05,0
0,9.743618e-07,0
0,0.00080634677,0
0,0.041879456,0
0,0.003473764,0
0,0.0022944359,0
0,0.9978777,1
0,1.35253695e-05,0
0,0.00047562463,0
0,0.28217012,0
0,0.0017381832,0
0,0.023574755,0
0,0.00089636777,0
0,0.39087,0
0,0.6576019,1
0,0.67458236,1
0,2.3291939e-06,0
0,0.094363846,0
0,0.5440777,0
0,0.0020718605,0
0,0.018082548,0
0,2.4523546e-08,0
0,0.052867852,0
0,0.49890527,0
0,0.010196543,0
0,0.00033992468,0
0,0.02416028,0
0,1.5095353e-05,0
0,0.05374885,0
0,0.90338945,1
0,0.28125188,0
0,5.4851855e-05,0
0,0.3433879,0
0,3.0537747e-06,0
0,0.8127093,1
0,0.050294984,0
0,0.020499941,0
0,0.0057076546,0
0,3.6289876e-07,0
0,0.28708684,0
0,0.00010690663,0
0,1.6653202e-06,0
0,0.04488577,0
0,1.51010245e-05,0
0,0.002282495,0
0,0.018729653,0
0,0.00017309595,0
0,0.0103543345,0
0,0.010995754,0
0,0.008229962,0
0,0.048336193,0
0,0.00120112,0
0,0.116632074,0
0,0.0073909736,0
0,0.00081383955,0
0,1.139307e-05,0
0,0.08817405,0
0,9.663532e-05,0
0,0.0008619603,0
0,1.3012743e-07,0
0,0.08054114,0
0,0.20138153,0
0,0.43805483,0
0,6.6249784e-05,0
0,0.0022909215,0
0,0.00031584917,0
0,1.0549202e-05,0
0,0.31968918,0
0,0.06724624,0
0,0.07532021,0
0,0.057399824,0
0,4.844187e-06,0
0,0.018418424,0
0,0.9230405,1
0,0.024344979,0
0,2.4458607e-06,0
0,0.006962711,0
0,0.001093858,0
0,0.001404076,0
0,3.339278e-05,0
0,0.020355308,0
0,0.00011999108,0
0,1.1841634e-06,0
0,0.1654088,0
0,3.6802026e-05,0
0,0.0047643026,0
0,4.1275132e-05,0
0,0.00015831058,0
0,0.0009135451,0
0,0.0010264389,0
0,4.7217483e-05,0
0,0.6585274,1
0,0.0041414266,0
0,5.040753e-07,0
0,0.6433913,1
0,1.0587259e-05,0
0,0.9639345,1
0,0.5692123,0
0,0.08072695,0
0,0.0001898582,0
0,0.000530893,0
0,0.9113046,1
0,6.6185926e-08,0
0,0.16406709,0
0,5.664823e-06,0
0,0.0005009875,0
0,0.14632136,0
0,0.00020073718,0
0,0.07652568,0
0,8.246724e-07,0
0,0.0022534463,0
0,0.9905613,1
0,0.5774452,0
0,4.8919583e-06,0
0,0.17646863,0
0,0.7235618,1
0,0.5870961,0
0,4.1614402e-07,0
0,0.015374708,0
0,0.00016753002,0
0,0.012095735,0
0,4.256105e-05,0
0,3.6261508e-07,0
0,0.66809404,1
0,0.00070390536,0
0,0.0020737494,0
0,0.35955727,0
0,3.5807857e-06,0
0,0.0018522624,0
0,0.00044984533,0
0,0.13683599,0
0,0.00038219732,0
0,2.5362995e-06,0
0,0.020386178,0
0,0.00020562003,0
0,0.00476256,0
0,0.00030869868,0
0,0.0004649533,0
0,0.0034789909,0
0,0.0063116876,0
0,5.484957e-06,0
0,2.1814498e-05,0
0,9.987059e-05,0
0,8.110171e-05,0
0,0.17369224,0
0,6.383713e-08,0
0,0.86440533,1
0,0.0031820934,0
0,0.053338755,0
0,0.08043328,0
0,0.0020593784,0
0,2.6637106e-06,0
0,0.0007001541,0
0,3.5457953e-05,0
0,0.0034897595,0
0,0.00020113743,0
0,0.0056961523,0
0,0.00011537898,0
0,0.23283179,0
0,0.5991244,0
0,4.32163e-05,0
0,0.0005251217,0
0,0.3337113,0
0,0.17997797,0
0,6.6597736e-06,0
0,0.42547923,0
0,0.0010460777,0
0,1.0810699e-06,0
0,0.003062127,0
0,0.004635857,0
0,0.17709845,0
0,0.0012788653,0
0,0.61212945,1
0,0.0010640369,0
0,0.07219496,0
0,5.7403817e-08,0
0,0.36108592,0
0,0.0064001787,0
0,0.010305586,0
0,0.0021687143,0
0,3.284516e-05,0
0,0.8097367,1
0,0.0001588828,0
0,0.00096312293,0
0,6.8857364e-05,0
0,0.0061756643,0
0,0.0016280807,0
0,5.0464794e-05,0
0,0.006197846,0
0,5.7633997e-06,0
0,0.111264974,0
0,0.000119876946,0
0,0.0036632244,0
0,0.002628282,0
0,0.9972012,1
0,0.0006848514,0
0,0.0034150614,0
0,0.0590554,0
0,0.0049498337,0
0,0.00047353958,0
0,1.893385e-05,0
0,0.0070144916,0
0,2.639482e-08,0
0,1.7828741e-05,0
0,0.00012061203,0
0,0.0035557551,0
0,0.005329171,0
0,0.864538,1
0,0.0045641963,0
0,0.00017401174,0
0,0.0028456603,0
0,4.889204e-09,0
0,0.32258832,0
0,7.3522104e-05,0
0,0.016139928,0
0,0.16690476,0
0,0.011714951,0
0,0.0008465621,0
0,0.0007679479,0
0,8.024756e-06,0
0,0.0039093643,0
0,0.9236895,1
0,0.61444336,1
0,0.016125442,0
0,0.5254875,0
0,0.2966338,0
0,7.48784e-07,0
0,0.0100424085,0
0,4.289251e-06,0
0,0.002622481,0
0,0.3265562,0
0,0.0004287627,0
0,2.9619338e-05,0
0,2.8193796e-05,0
0,1.5937001e-08,0
0,0.0014909407,0
0,5.6897064e-05,0
0,0.052138463,0
0,0.0027423692,0
0,0.00023632817,0
0,0.15570016,0
0,0.87919474,1
0,3.8263927e-08,0
0,0.022638867,0
0,0.003311982,0
0,0.016153637,0
0,0.21096092,0
0,4.939801e-06,0
0,0.00020041016,0
0,4.2859187e-06,0
0,0.008342758,0
0,2.449794e-06,0
0,0.09888755,0
0,0.00027896266,0
0,0.015399661,0
0,1.4069944e-06,0
0,2.0070904e-05,0
0,0.030730685,0
0,0.0023130048,0
0,0.00010955945,0
0,0.008957752,0
0,0.6330704,1
0,0.88999325,1
0,9.98339e-06,0
0,0.0038851886,0
0,0.8029926,1
0,0.014750025,0
0,0.0047632,0
0,0.0007469224,0
0,0.005512276,0
0,3.8123533e-05,0
0,0.0044728452,0
0,0.08148654,0
0,0.7695368,1
0,2.9677216e-05,0
0,0.020013187,0
0,0.0011794616,0
0,0.05651066,0
0,0.005343175,0
0,0.0040946696,0
0,0.513574,0
0,0.00012474493,0
0,3.8101575e-09,0
0,0.0023149126,0
0,5.736387e-07,0
0,1.2739164e-05,0
0,0.18994455,0
0,1.0643047e-05,0
0,0.9617879,1
0,1.6174234e-05,0
0,0.9382014,1
0,1.3918981e-05,0
0,0.056365162,0
0,0.0026362287,0
0,8.63364e-05,0
0,0.00055795826,0
0,0.024786338,0
0,0.08858865,0
0,0.0914968,0
0,3.0025507e-08,0
0,0.044115126,0
0,8.896472e-09,0
0,9.480852e-06,0
0,8.00609e-05,0
0,0.0010136951,0
0,0.00029335803,0
0,9.191139e-05,0
0,0.0002758311,0
0,0.0065222085,0
0,1.200113e-05,0
0,0.4153601,0
0,0.259813,0
0,0.0044493848,0
0,0.00040108303,0
0,0.9859044,1
0,0.7477609,1
0,1.7820688e-06,0
0,0.004819662,0
0,0.07715602,0
0,0.9449859,1
0,0.062418114,0
0,0.35406217,0
0,3.876296e-05,0
0,0.00081747543,0
0,1.5716625e-05,0
0,4.2142784e-07,0
0,0.0004867458,0
0,0.79644734,1
0,0.0018151633,0
0,7.2881994e-05,0
0,0.59016865,0
0,2.0497097e-07,0
0,0.007392678,0
0,0.123843886,0
0,0.6431211,1
0,0.0066705425,0
0,0.76270926,1
0,1.5040174e-05,0
0,0.0002979252,0
0,6.0847564e-05,0
0,9.2470225e-05,0
0,0.027309408,0
0,7.465737e-08,0
0,0.00012188671,0
0,0.32779983,0
0,0.0006338037,0
0,0.020482646,0
0,2.5433142e-06,0
0,8.085168e-10,0
0,0.40399402,0
0,0.0808413,0
0,0.40125462,0
0,0.0038170354,0
0,0.5125358,0
0,0.0944433,0
0,0.00038949822,0
0,0.00022841105,0
0,0.5223212,0
0,2.7183565e-05,0
0,3.6725527e-05,0
0,0.000234449,0
0,0.14729768,0
0,5.922432e-07,0
0,0.04528956,0
0,0.0010067914,0
0,0.011207674,0
0,0.22299163,0
0,8.500777e-06,0
0,0.075011835,0
0,0.025909496,0
0,0.00014289029,0
0,0.0057922644,0
0,0.119741,0
0,2.3511222e-07,0
0,5.817716e-08,0
0,0.35274905,0
0,0.42663777,0
0,0.5771685,0
0,0.007321586,0
0,0.59214073,0
0,4.4102006e-05,0
0,0.19216064,0
0,0.0005260876,0
0,0.7079588,1
0,1.2594352e-05,0
0,0.94708216,1
0,0.101865694,0
0,0.0010280983,0
0,0.00017720531,0
0,0.00039467416,0
0,0.9769523,1
0,3.9164715e-06,0
0,0.10782092,0
0,0.05870541,0
0,0.03658693,0
0,0.001862267,0
0,0.790531,1
0,0.3132157,0
0,0.000721756,0
0,2.8060567e-05,0
0,0.0016724541,0
0,0.08378298,0
0,3.5362373e-07,0
0,0.94268906,1
0,0.0014712764,0
0,0.00028411485,0
0,0.029726125,0
0,0.12402678,0
0,0.100008175,0
0,0.0003860601,0
0,6.7465255e-05,0
0,0.6077083,1
0,0.4023829,0
0,0.038180444,0
0,0.00014262974,0
0,0.0024456147,0
0,0.5151467,0
0,0.56896025,0
0,0.0026208076,0
0,1.0055387e-05,0
0,0.0026554083,0
0,0.0016638705,0
0,0.00015462737,0
0,3.6022121e-10,0
0,0.23548487,0
0,0.00012326275,0
0,0.6938527,1
0,0.0034494153,0
0,0.012744913,0
0,0.0008367446,0
0,0.30644727,0
0,0.99956197,1
0,0.32005206,0
0,0.2983313,0
0,1.4808936e-05,0
0,3.217907e-06,0
0,6.8447675e-06,0
0,0.04072076,0
0,5.191199e-07,0
0,0.0004796864,0
0,0.5705176,0
0,0.11987382,0
0,0.017956167,0
0,1.4617888e-06,0
0,5.9549347e-06,0
0,0.008168501,0
0,0.0015608098,0
0,0.00055602763,0
0,0.011579715,0
0,0.29528698,0
0,0.043075632,0
0,4.8425147e-05,0
0,2.2931508e-05,0
0,2.0119964e-05,0
0,0.00039150772,0
0,0.00021616367,0
0,5.320643e-08,0
0,0.3867962,0
0,0.0006856799,0
0,3.2028478e-05,0
0,3.5926783e-05,0
0,0.0074816477,0
0,0.00013962036,0
0,0.0020080006,0
0,4.130534e-09,0
0,0.008375165,0
0,0.010534543,0
0,0.37525016,0
0,0.073543794,0
0,0.91517365,1
0,0.0460451,0
0,0.0003001132,0
0,2.5459702e-05,0
0,0.30761343,0
0,0.013769284,0
0,0.00323992,0
0,7.103095e-06,0
0,7.176658e-05,0
0,0.0053292443,0
0,0.010079876,0
0,0.0005904819,0
0,0.052903328,0
0,1.7449775e-05,0
0,1.0507313e-05,0
0,0.0010637813,0
0,2.4374935e-07,0
0,0.2734968,0
0,5.6605565e-08,0
0,2.289541e-05,0
0,5.023595e-05,0
0,5.4972906e-09,0
0,0.0010022856,0
0,0.005278872,0
0,0.074410565,0
0,3.6491692e-05,0
0,0.29642746,0
0,0.10358386,0
0,0.004358612,0
0,7.453839e-05,0
0,0.025703626,0
0,0.011457876,0
0,3.235052e-05,0
0,0.00054000615,0
0,0.5506466,0
0,0.040848825,0
0,0.0001921729,0
0,0.4959775,0
0,0.0011254711,0
0,3.2923e-05,0
0,0.0015694884,0
0,0.14647485,0
0,0.005660982,0
0,0.84254533,1
0,0.3343449,0
0,4.028742e-06,0
0,0.037783157,0
0,0.018254675,0
0,4.4461344e-06,0
0,0.0027737657,0
0,0.3758132,0
0,0.000114602866,0
0,0.00788714,0
0,1.1915871e-05,0
0,4.8261856e-05,0
0,8.563719e-09,0
0,0.81480765,1
0,0.0032497223,0
0,5.396928e-07,0
0,0.055076927,0
0,0.00015712643,0
0,0.74210936,1
0,0.92147166,1
0,0.0043312632,0
0,0.00047463662,0
0,0.06191778,0
0,0.16473998,0
0,0.006136129,0
0,2.748777e-07,0
0,0.0002345172,0
0,6.9632792e-06,0
0,0.97771275,1
0,2.647092e-05,0
0,0.4208884,0
0,2.4711612e-06,0
0,0.0018159739,0
0,0.02429621,0
0,0.81201845,1
0,0.9561534,1
0,0.8792928,1
0,0.011850651,0
0,0.0005590117,0
0,0.0020855395,0
0,0.0005070019,0
0,0.0006309836,0
0,0.0043632644,0
0,0.00053318235,0
0,0.5237898,0
0,0.00081992586,0
0,0.1961621,0
0,0.00895942,0
0,0.9849858,1
0,0.50481236,0
0,1.3265498e-07,0
0,4.9789924e-05,0
0,3.358711e-07,0
0,0.0007327153,0
0,0.07834336,0
0,2.519604e-05,0
0,0.0049455236,0
0,9.820295e-10,0
0,0.65922904,1
0,4.32448e-06,0
0,2.1236933e-07,0
0,6.322193e-07,0
0,0.0010215635,0
0,9.519617e-08,0
0,0.18834165,0
0,0.82261956,1
0,0.030066354,0
0,0.23585705,0
0,0.21157025,0
0,6.963005e-05,0
0,0.007019878,0
0,0.0003156442,0
0,0.16979481,0
0,0.5540205,0
0,0.29811695,0
0,6.0348222e-05,0
0,0.0063141133,0
0,0.00013652442,0
0,0.4063572,0
0,0.00033933314,0
0,0.0050643235,0
0,0.4682048,0
0,0.26439887,0
0,0.40513983,0
0,4.0334224e-05,0
0,0.0014383023,0
0,0.38657185,0
0,0.04925646,0
0,2.8073675e-08,0
0,0.0037680173,0
0,0.041932236,0
0,0.0039630528,0
0,0.006650109,0
0,0.013573317,0
0,2.9377952e-06,0
0,0.0631875,0
0,0.00010681155,0
0,5.5315897e-05,0
0,0.012292922,0
0,0.017159764,0
0,2.9423001e-05,0
0,8.9188456e-05,0
0,0.03122663,0
0,0.2599474,0
0,0.007535335,0
0,1.7806906e-08,0
0,0.00018566621,0
0,2.197111e-06,0
0,3.4667682e-08,0
0,0.3006,0
0,5.71137e-07,0
0,0.16546887,0
0,0.0017157953,0
0,0.8871775,1
0,0.03305014,0
0,6.908322e-05,0
0,0.019083716,0
0,0.94853616,1
0,0.04669719,0
0,0.53342855,0
0,0.00014282545,0
0,0.0010061192,0
0,0.00022980143,0
0,0.00088846416,0
0,0.00011993766,0
0,0.7898524,1
0,1.9042308e-06,0
0,0.00020697922,0
0,2.7271848e-05,0
0,0.003770902,0
0,0.0053895055,0
0,0.97554046,1
0,0.012040164,0
0,7.522733e-05,0
0,0.001454333,0
0,0.00015107117,0
0,4.5278794e-05,0
0,4.4977423e-05,0
0,0.0027422677,0
0,0.058914185,0
0,0.020087248,0
0,0.37238327,0
0,3.5648565e-05,0
0,0.037337728,0
0,0.008206514,0
0,1.8747956e-05,0
0,0.09409077,0
0,0.0012909048,0
0,0.0054740175,0
0,1.256529e-08,0
0,4.1078067e-08,0
0,0.02778495,0
0,0.12443888,0
0,0.7443176,1
0,7.1877745e-05,0
0,0.48186442,0
0,0.006319678,0
0,0.0125480285,0
0,0.00022082796,0
0,0.44750303,0
0,0.00806084,0
0,5.1034556e-07,0
0,1.2663284e-06,0
0,0.00045497855,0
0,4.398113e-05,0
0,6.28853e-05,0
0,0.00020325578,0
0,0.038596608,0
0,3.9046688e-07,0
0,0.028471585,0
0,0.002627412,0
0,0.027723664,0
0,0.00024983636,0
0,0.13503788,0
0,0.14593332,0
0,0.5536635,0
0,0.9785477,1
0,0.00022792375,0
0,0.00013861261,0
0,3.527614e-08,0
0,0.070284106,0
0,0.33204553,0
0,2.030564e-06,0
0,1.3177076e-06,0
0,0.0009824618,0
0,1.474482e-06,0
0,0.0031299805,0
0,0.09110956,0
0,0.3595734,0
0,0.00019129828,0
0,0.29972848,0
0,0.050872024,0
0,8.5653234e-08,0
0,0.008589472,0
0,0.15214853,0
0,0.010043608,0
0,0.0007036515,0
0,0.00017840035,0
0,2.0274205e-05,0
0,4.184437e-05,0
0,0.0999324,0
0,0.00025870942,0
0,2.7289676e-07,0
0,0.0001737927,0
0,0.39079177,0
0,0.7641811,1
0,0.783453,1
0,0.0014439772,0
0,2.6086298e-05,0
0,0.34208655,0
0,0.28211507,0
0,0.00033389925,0
0,3.5334946e-05,0
0,0.017090613,0
0,0.00020881239,0
0,1.1148368e-06,0
0,0.9922125,1
0,0.074448675,0
0,1.5864152e-05,0
0,0.004799454,0
0,2.02666e-06,0
0,7.745531e-06,0
0,0.028570682,0
0,0.00030215303,0
0,0.6445938,1
0,0.00032284253,0
0,0.06558185,0
0,0.95626694,1
0,0.23933725,0
0,0.93976265,1
0,0.0015705902,0
0,0.035419885,0
0,0.001705034,0
0,0.046384204,0
0,4.1689906e-05,0
0,0.006290301,0
0,0.07355047,0
0,0.0017368268,0
0,0.06119535,0
0,0.0067260657,0
0,0.00037681262,0
0,0.00024908074,0
0,6.038412e-07,0
0,0.4863462,0
0,1.324693e-05,0
0,0.938941,1
0,0.016450575,0
0,5.4382894e-05,0
0,2.5789393e-07,0
0,0.039907333,0
0,0.41774458,0
0,0.001781606,0
0,4.882609e-06,0
0,0.007392384,0
0,0.040920027,0
0,8.74879e-05,0
0,0.002283707,0
0,0.5812845,0
0,0.00011724814,0
0,5.3932644e-07,0
0,0.042576723,0
0,0.003030519,0
0,0.72924554,1
0,0.9812712,1
0,0.0047960067,0
0,0.0014813471,0
0,0.008696508,0
0,2.2242047e-07,0
0,0.012012143,0
0,1.0095408e-05,0
0,0.007342983,0
0,0.009186126,0
0,0.26897043,0
0,1.1998426e-06,0
0,1.1317904e-06,0
0,8.91614e-05,0
0,0.03483011,0
0,0.00010043894,0
0,0.0040128464,0
0,0.0024507074,0
0,0.0005709706,0
0,0.022514086,0
0,0.39461756,0
0,0.0017258846,0
0,0.35572344,0
0,0.006270113,0
0,0.005811082,0
0,0.18311192,0
0,0.0012658426,0
0,0.7933259,1
0,0.024934458,0
0,8.80381e-07,0
0,4.041419e-05,0
0,0.026202317,0
0,0.0059944997,0
0,0.37972566,0
0,0.9695923,1
0,0.8386099,1
0,0.04587819,0
0,0.003006755,0
0,0.00018103207,0
0,0.011941221,0
0,9.3036175e-07,0
0,0.019945892,0
0,0.00044577685,0
0,0.45738682,0
0,0.023905942,0
0,0.0005243744,0
0,0.23119874,0
0,9.122915e-05,0
0,0.07696498,0
0,2.2317755e-11,0
0,0.0015867227,0
0,0.0055014524,0
0,0.020296816,0
0,0.057073895,0
0,0.00029000238,0
0,0.0005579006,0
0,0.00070789387,0
0,0.5300668,0
0,0.02572097,0
0,7.849877e-06,0
0,4.4573838e-07,0
0,0.27811572,0
0,1.4687449e-06,0
0,0.10069759,0
0,0.37744024,0
0,0.00024331473,0
0,0.0002774082,0
0,0.026151428,0
0,0.4405366,0
0,0.00041692512,0
0,0.00017944616,0
0,5.196148e-05,0
0,0.00015082692,0
0,0.043628674,0
0,0.40223378,0
0,0.0005949765,0
0,0.06880847,0
0,0.12135628,0
0,0.6293853,1
0,0.13127622,0
0,0.27605003,0
0,0.16423538,0
0,0.63401824,1
0,0.0007678253,0
0,0.01030137,0
0,3.8882026e-05,0
0,0.030014614,0
0,0.0002653965,0
0,0.020037923,0
0,5.549684e-08,0
0,0.798531,1
0,0.02148981,0
0,0.9772181,1
0,0.6648331,1
0,0.001895928,0
0,0.038147293,0
0,0.91813797,1
0,0.00031959062,0
0,0.0075145415,0
0,0.011590772,0
0,0.021468857,0
0,0.30068013,0
0,0.0005732185,0
0,0.013341972,0
0,0.99785644,1
0,0.17109166,0
0,8.1278495e-07,0
0,0.0046577975,0
0,0.34791663,0
0,1.4236488e-06,0
0,0.0061471746,0
0,3.1274034e-05,0
0,0.028574176,0
0,1.325748e-07,0
0,0.99138206,1
0,0.5865707,0
0,0.00017051,0
0,0.111926496,0
0,0.24392653,0
0,0.09669915,0
0,0.035233166,0
0,1.805602e-05,0
0,8.1373895e-07,0
0,0.039860513,0
0,0.013482715,0
0,1.8677025e-06,0
0,0.9680904,1
0,9.887108e-05,0
0,0.9290152,1
0,1.1914382e-05,0
0,0.025023408,0
0,0.002037563,0
0,0.119733505,0
0,7.2820317e-06,0
0,0.0005081936,0
0,4.6762743e-05,0
0,0.005580015,0
0,5.0277267e-05,0
0,4.0931465e-07,0
0,0.41511634,0
0,0.7365039,1
0,0.10258202,0
0,0.0017820928,0
0,0.9414115,1
0,5.419267e-06,0
0,0.022161013,0
0,0.00038908777,0
0,8.775974e-06,0
0,0.105474465,0
0,0.99831617,1
0,0.037916955,0
0,9.292212e-06,0
0,1.9239635e-06,0
0,0.002748427,0
0,0.92220986,1
0,0.011424277,0
0,0.011998902,0
0,9.983831e-05,0
0,0.03332934,0
0,3.2365765e-06,0
0,0.01951391,0
0,0.00071545807,0
0,5.8994996e-05,0
0,6.6640906e-09,0
0,2.6675061e-06,0
0,0.14750658,0
0,0.8591822,1
0,1.2250875e-08,0
0,0.00072666444,0
0,3.3689837e-05,0
0,0.10487444,0
0,0.00013570208,0
0,3.6117744e-05,0
0,0.004146478,0
0,0.00025536335,0
0,0.052733872,0
0,0.12226099,0
0,0.5388097,0
0,1.3677461e-06,0
0,1.6940145e-08,0
0,0.6817584,1
0,0.2292265,0
0,0.0016768225,0
0,8.527971e-06,0
0,0.04494125,0
0,0.3504255,0
0,0.0011834708,0
0,0.008656845,0
0,3.6646875e-07,0
0,2.1040887e-05,0
0,0.051908437,0
0,0.65802234,1
0,0.0020245267,0
0,0.013602262,0
0,3.0873426e-07,0
0,1.9510957e-05,0
0,9.856324e-10,0
0,0.46183497,0
0,0.104914695,0
0,0.022773083,0
0,9.175113e-05,0
0,0.8420596,1
0,0.02202633,0
0,0.025721759,0
0,0.0054757707,0
0,7.424519e-05,0
0,9.670337e-09,0
0,1.9139152e-07,0
0,0.00010218803,0
0,0.018227067,0
0,0.00021260355,0
0,0.6782472,1
0,3.4290788e-05,0
0,5.6932662e-05,0
0,0.053556807,0
0,0.49487498,0
0,3.5752344e-06,0
0,0.014411423,0
0,0.9528662,1
0,0.033236206,0
0,0.07028937,0
0,0.03414321,0
0,0.03792259,0
0,4.850918e-08,0
0,0.00011246454,0
0,0.000429472,0
0,0.028388666,0
0,1.952726e-06,0
0,0.03074286,0
0,0.87319857,1
0,0.03432579,0
0,0.0012928095,0
0,0.0011136396,0
0,6.593965e-10,0
0,0.0720244,0
0,4.978558e-06,0
0,0.00015691396,0
0,0.022210542,0
0,0.0016897749,0
0,0.6134209,1
0,0.008525371,0
0,0.006404583,0
0,0.002246157,0
0,8.456481e-08,0
0,9.94535e-09,0
0,6.0606708e-05,0
0,0.33275864,0
0,7.876815e-05,0
0,0.046366494,0
0,0.003924005,0
0,0.0031399226,0
0,8.699909e-06,0
0,8.644596e-08,0
0,0.00067434116,0
0,6.3140564e-05,0
0,1.0696535e-06,0
0,1.2378978e-05,0
0,0.9589932,1
0,0.927032,1
0,3.4886762e-06,0
0,0.0005563031,0
0,0.15212938,0
0,0.0016253561,0
0,0.007108245,0
0,0.00095770997,0
0,6.470712e-05,0
0,0.004822503,0
0,0.46894452,0
0,0.05921234,0
0,0.0006287762,0
0,1.2327802e-06,0
0,6.6471785e-06,0
0,0.00025720816,0
0,5.047078e-10,0
0,1.561121e-06,0
0,0.65413827,1
0,0.15394826,0
0,0.00043939895,0
0,2.178608e-05,0
0,0.05640985,0
0,1.2267075e-06,0
0,0.06738852,0
0,0.36789027,0
0,0.001614564,0
0,0.0023533448,0
0,3.4663506e-06,0
0,0.19649759,0
0,0.00012254153,0
0,3.241069e-07,0
0,0.04825246,0
0,1.7397484e-06,0
0,0.012407133,0
0,8.1465356e-07,0
0,3.1251616e-08,0
0,0.40424162,0
0,1.3698326e-05,0
0,4.2051947e-06,0
0,0.0038266499,0
0,0.007836041,0
0,0.007763801,0
0,0.00011695971,0
0,0.13556173,0
0,0.27931297,0
0,0.91398674,1
0,0.00020894104,0
0,0.00088486006,0
0,0.0022372238,0
0,0.067612015,0
0,0.0061174566,0
0,0.118597366,0
0,0.009713099,0
0,1.946182e-06,0
0,0.2626671,0
0,0.9837255,1
0,0.4068824,0
0,0.00025458395,0
0,4.383821e-06,0
0,0.00042222277,0
0,0.0012877126,0
0,0.72184044,1
0,0.31511366,0
0,1.5333913e-05,0
0,5.326975e-07,0
0,0.0014639762,0
0,5.6455686e-08,0
0,0.38205668,0
0,0.7242355,1
0,0.46396995,0
0,0.4008374,0
0,9.456276e-07,0
0,0.0045097517,0
0,1.1578509e-05,0
0,0.78228134,1
0,0.7562717,1
0,1.9820529e-05,0
0,8.905387e-06,0
0,0.8136112,1
0,0.0050935657,0
0,2.1751255e-07,0
0,3.1144893e-05,0
0,2.2280706e-07,0
0,1.590096e-05,0
0,0.07744461,0
0,0.0020556971,0
0,0.0017790367,0
0,0.07636023,0
0,0.05470221,0
0,0.27524272,0
0,0.00025980073,0
0,0.06597859,0
0,1.0745299e-05,0
0,1.2939302e-06,0
0,0.016809257,0
0,0.008024597,0
0,0.00022764661,0
0,0.41742167,0
0,0.04609046,0
0,0.02749687,0
0,0.0035308157,0
0,0.016175402,0
0,0.052227046,0
0,3.9359534e-06,0
0,0.9173803,1
0,0.00051316933,0
0,0.9999856,1
0,0.66789466,1
0,1.8686931e-06,0
0,0.0014611239,0
0,0.00011244803,0
0,0.022825407,0
0,8.1735096e-05,0
0,0.7128778,1
0,0.030607726,0
0,0.6545233,1
0,0.77687144,1
0,4.555137e-09,0
0,0.03509184,0
0,1.3221861e-09,0
0,0.8972834,1
0,0.8569155,1
0,0.8584957,1
0,3.633999e-06,0
0,0.10063045,0
0,0.15075424,0
0,0.06528031,0
0,3.2138778e-05,0
0,0.0023753298,0
0,5.022774e-09,0
0,0.0038496815,0
0,0.00012005791,0
0,0.0012569544,0
0,0.0022871448,0
0,0.00010664088,0
0,4.31477e-06,0
0,1.2616496e-07,0
0,2.4477524e-07,0
0,0.82428414,1
0,0.8443733,1
0,0.00036043779,0
0,0.00033082286,0
0,0.036597062,0
0,0.0906747,0
0,2.4752012e-06,0
0,0.00037116883,0
0,7.997839e-09,0
0,0.09880899,0
0,5.2319143e-07,0
0,0.16208427,0
0,0.010606592,0
0,2.329082e-07,0
0,0.039123934,0
0,0.001126074,0
0,0.00047401516,0
0,5.3349504e-05,0
0,0.8282036,1
0,0.3994619,0
0,0.5261188,0
0,0.9901398,1
0,0.028019408,0
0,0.03198218,0
0,0.49906644,0
0,0.0001328239,0
0,0.24918601,0
0,0.0020798093,0
0,0.18867664,0
0,0.0026228898,0
0,0.03146227,0
0,3.1986968e-07,0
0,0.021361394,0
0,0.03835295,0
0,3.4709014e-05,0
0,9.684674e-06,0
0,0.028981807,0
0,1.7658194e-06,0
0,0.003177527,0
0,1.7797754e-05,0
0,1.5047786e-07,0
0,6.483489e-06,0
0,3.0737158e-06,0
0,0.0014017392,0
0,4.1565218e-05,0
0,0.0002845231,0
0,9.219552e-08,0
0,0.00062492164,0
0,6.08554e-07,0
0,0.005188723,0
0,0.0006619671,0
0,0.16033508,0
0,0.011925816,0
0,4.4310523e-06,0
0,6.553166e-05,0
0,0.00020441473,0
0,0.0011491216,0
0,3.3251745e-06,0
0,0.004080162,0
0,0.013545075,0
0,0.16218556,0
0,0.024599029,0
0,3.9086062e-06,0
0,4.3341475e-05,0
0,0.013344119,0
0,0.008035563,0
0,0.0014820639,0
0,2.1200853e-07,0
0,0.5710788,0
0,0.72634166,1
0,0.0071049407,0
0,3.1846073e-05,0
0,6.725174e-05,0
0,6.485483e-05,0
0,0.014461968,0
0,0.037684966,0
0,0.0075914394,0
0,0.21669346,0
0,8.9019275e-05,0
0,0.0009332369,0
0,0.00021979069,0
0,0.13703996,0
0,0.14471018,0
0,0.15865512,0
0,0.0391436,0
0,0.040889144,0
0,1.3537904e-06,0
0,0.026039243,0
0,0.016255798,0
0,0.00015007633,0
0,5.0043896e-11,0
0,0.020593945,0
0,0.62690675,1
0,0.45851102,0
0,0.0046815136,0
0,2.0230661e-06,0
0,1.5724194e-08,0
0,6.092496e-05,0
0,0.0022405004,0
0,0.061247684,0
0,0.6714755,1
0,2.8539796e-10,0
0,0.025727078,0
0,0.04300589,0
0,0.0005912923,0
0,0.8915981,1
0,0.0633821,0
0,0.040746324,0
0,3.1436957e-07,0
0,0.00043105503,0
0,0.045968696,0
0,6.725322e-05,0
0,1.5529555e-05,0
0,0.02080462,0
0,0.993509,1
0,0.0006641428,0
0,0.0024200538,0
0,5.2149226e-05,0
0,0.87050354,1
0,2.0990876e-07,0
0,0.14222297,0
0,0.2173297,0
0,0.039609507,0
0,0.005113043,0
0,1.4431044e-05,0
0,0.0025103695,0
0,0.005944478,0
0,0.010294251,0
0,1.0332731e-05,0
0,2.2891809e-06,0
0,4.664554e-06,0
0,0.42939758,0
0,0.0023290608,0
0,0.0017779862,0
0,0.00022990332,0
0,0.00018866878,0
0,8.33286e-05,0
0,0.68986577,1
0,0.0006400769,0
0,0.33151656,0
0,0.27595693,0
0,2.9707599e-05,0
0,3.3717217e-05,0
0,0.00026994047,0
0,0.111689016,0
0,0.0004414227,0
0,5.2008495e-09,0
0,0.00010022712,0
0,0.48137233,0
0,5.7068683e-06,0
0,0.3052192,0
0,0.15863661,0
0,5.278468e-07,0
0,0.0077549494,0
0,0.00023451116,0
0,0.30868596,0
0,0.59516144,0
0,8.2680486e-07,0
0,0.008409582,0
0,0.20850764,0
0,0.4578062,0
0,1.9161873e-05,0
0,0.21046868,0
0,0.11466485,0
0,0.02045653,0
0,0.021436324,0
0,0.0040388866,0
0,0.00023794589,0
0,0.00581316,0
0,0.28021345,0
0,0.0045790686,0
0,0.0010814206,0
0,1.4386846e-08,0
0,0.004033125,0
0,6.3724387e-06,0
0,0.0037299441,0
0,0.004487413,0
0,3.439864e-05,0
0,1.3155117e-05,0
0,0.00012290079,0
0,0.63733083,1
0,4.4655768e-05,0
0,0.9099989,1
0,0.0023844866,0
0,0.0061740372,0
0,0.26246566,0
0,0.0081513785,0
0,1.8273172e-06,0
0,0.7464299,1
0,2.5345069e-05,0
0,0.3459938,0
0,0.02020816,0
0,0.00021407484,0
0,0.2791672,0
0,0.00041612086,0
0,0.059881393,0
0,0.5234833,0
0,0.8739005,1
0,0.0047879205,0
0,0.0006236216,0
0,0.00066875847,0
0,0.00012134895,0
0,0.61254907,1
0,0.92742795,1
0,0.0013118726,0
0,7.0963215e-05,0
0,0.0044561513,0
0,2.4763916e-05,0
0,0.0065985806,0
0,0.0005521126,0
0,0.0009640313,0
0,0.4469846,0
0,1.3743744e-08,0
0,8.92239e-08,0
0,0.0011270661,0
0,0.2174009,0
0,1.3502377e-05,0
0,0.00028928634,0
0,0.0039702724,0
0,0.0010617444,0
0,0.010017249,0
0,0.7584804,1
0,0.253156,0
0,0.6045414,1
0,0.41564867,0
0,0.00022203772,0
0,0.08142853,0
0,0.00044489937,0
0,0.009521249,0
0,7.972163e-07,0
0,0.00042119247,0
0,0.00016325427,0
0,0.06060508,0
0,3.152087e-09,0
0,0.049059544,0
0,0.5605753,0
0,0.32997635,0
0,0.0024647252,0
0,0.014385277,0
0,0.28435028,0
0,0.44913003,0
0,0.4222434,0
0,0.0026052264,0
0,9.145747e-08,0
0,3.381769e-07,0
0,0.00024409477,0
0,0.9749522,1
0,6.294068e-05,0
0,0.0070367367,0
0,1.6737185e-05,0
0,0.0030195408,0
0,2.4171826e-05,0
0,0.83350104,1
0,0.0018535268,0
0,0.00010425289,0
0,0.0113972,0
0,0.00010233693,0
0,1.8004317e-05,0
0,0.0007735129,0
0,0.027056571,0
0,0.03176025,0
0,2.6255066e-07,0
0,0.00017191331,0
0,1.195578e-05,0
0,0.0014588395,0
0,0.00012961267,0
0,0.0002516888,0
0,0.028415646,0
0,0.026783166,0
0,2.5569957e-08,0
0,3.5492377e-08,0
0,0.5718216,0
0,0.87055284,1
0,0.03247719,0
0,0.0002921865,0
0,3.360499e-07,0
0,0.0023002482,0
0,3.9671944e-05,0
0,1.8516203e-05,0
0,1.5732821e-05,0
0,0.00021890312,0
0,0.9561012,1
0,2.6892815e-07,0
0,1.1470014e-05,0
0,0.48395273,0
0,0.34628513,0
0,2.9196348e-05,0
0,9.400453e-06,0
0,0.0003090438,0
0,0.78221244,1
0,0.42454532,0
0,0.00080370676,0
0,0.004194332,0
0,4.709391e-05,0
0,0.0003870324,0
0,0.001011858,0
0,0.6085606,1
0,0.00014708367,0
0,0.21758983,0
0,0.11299634,0
0,0.78524595,1
0,0.23182848,0
0,0.017415864,0
0,2.5885367e-06,0
0,0.008034597,0
0,0.15361135,0
0,0.010296947,0
0,0.0009100726,0
0,1.6332207e-06,0
0,0.52039325,0
0,0.00030073675,0
0,1.4681483e-06,0
0,0.010432708,0
0,1.18832795e-05,0
0,0.0065395557,0
0,0.00783649,0
0,0.7208861,1
0,4.4700858e-08,0
0,6.1902097e-07,0
0,0.10032673,0
0,0.0027287523,0
0,0.013701033,0
0,0.044787183,0
0,3.1429133e-07,0
0,0.0015427455,0
0,0.00013858208,0
0,0.06824357,0
0,1.5278794e-06,0
0,3.1184874e-07,0
0,6.2626623e-06,0
0,2.450426e-05,0
0,0.9261551,1
0,0.000106587206,0
0,1.5246192e-05,0
0,0.23578481,0
0,0.001091177,0
0,6.486974e-05,0
0,0.98719597,1
0,0.5327005,0
0,0.00013470114,0
0,0.003757493,0
0,0.008204407,0
0,7.816328e-06,0
0,0.0008782554,0
0,0.76099414,1
0,1.5779551e-05,0
0,0.0016198038,0
0,0.33416718,0
0,0.0028440575,0
0,6.226992e-08,0
0,0.31433865,0
0,0.043229874,0
0,5.7263196e-07,0
0,0.0086952,0
0,0.008501611,0
0,6.3054517e-06,0
0,0.00019196192,0
0,0.07979751,0
0,0.2625741,0
0,8.210294e-06,0
0,0.021763803,0
0,0.0070771226,0
0,0.000120042925,0
0,0.9598846,1
0,0.43904886,0
0,1.3595667e-05,0
0,0.000572548,0
0,0.00016050632,0
0,0.95860934,1
0,0.14926834,0
0,2.9209446e-07,0
0,0.00020946506,0
0,0.019685093,0
0,0.04666823,0
0,3.6836365e-05,0
0,0.81336373,1
0,0.29804754,0
0,0.00041111297,0
0,0.00092496397,0
0,0.5200722,0
0,1.011306e-05,0
0,0.11170291,0
0,0.0038489634,0
0,0.00089975755,0
0,0.13024354,0
0,0.01740781,0
0,0.07926909,0
0,0.13964178,0
0,0.0013098906,0
0,0.01121223,0
0,4.1994153e-05,0
0,4.706961e-07,0
0,0.07297509,0
0,0.086173825,0
0,0.0041337423,0
0,7.334291e-05,0
0,2.6305835e-05,0
0,0.0015097657,0
0,0.5366809,0
0,0.00024253535,0
0,4.465222e-06,0
0,9.180155e-09,0
0,0.021989219,0
0,0.004205943,0
0,0.008093887,0
0,6.571592e-06,0
0,0.00044443374,0
0,0.00013127267,0
0,0.0019197197,0
0,4.057623e-05,0
0,3.6000587e-05,0
0,0.033074822,0
0,0.011852746,0
0,2.9053085e-06,0
0,0.50367856,0
0,0.0012283167,0
0,2.4683823e-05,0
0,1.15852124e-07,0
0,0.7301568,1
0,0.045251433,0
0,0.9620829,1
0,3.36422e-06,0
0,0.7392697,1
0,0.98757184,1
0,4.011719e-06,0
0,0.00039594228,0
0,0.010671151,0
0,4.7653666e-07,0
0,0.64544225,1
0,0.0058629755,0
0,0.07697859,0
0,7.2186015e-07,0
0,0.00067630934,0
0,1.5714405e-10,0
0,0.0009471461,0
0,0.0009628981,0
0,0.0013355496,0
0,0.07224736,0
0,0.0004919458,0
0,0.31484032,0
0,0.03955476,0
0,0.050550126,0
0,7.415427e-08,0
0,0.0013539547,0
0,0.0050000586,0
0,0.0015169365,0
0,0.0011320787,0
0,0.52809197,0
0,0.0014373385,0
0,0.0016226202,0
0,1.1141034e-06,0
0,7.126526e-07,0
0,0.00030474633,0
0,7.9433375e-09,0
0,0.07824024,0
0,2.571302e-06,0
0,0.93127584,1
0,0.64284474,1
0,0.04463466,0
0,2.530532e-07,0
0,0.007366537,0
0,0.0007032198,0
0,0.0011034586,0
0,0.15773006,0
0,0.15502228,0
0,0.00027032473,0
0,0.5905168,0
0,0.08510099,0
0,1.1866583e-06,0
0,0.16475704,0
0,4.24578e-05,0
0,1.4753212e-08,0
0,0.14178173,0
0,0.0001529692,0
0,0.0019881583,0
0,0.6096825,1
0,1.5522137e-07,0
0,0.00015813527,0
0,1.9865854e-06,0
0,0.009822794,0
0,0.94563967,1
0,0.004170563,0
0,0.21414828,0
0,0.017994985,0
0,0.0057917535,0
0,0.67014253,1
0,0.0006565912,0
0,0.07420084,0
0,0.0019972944,0
0,0.124567196,0
0,2.8327282e-05,0
0,0.2128752,0
0,0.050195627,0
0,0.8900731,1
0,1.2141413e-06,0
0,1.185315e-05,0
0,0.86485887,1
0,0.001007704,0
0,0.0019348246,0
0,0.00032798678,0
0,5.201338e-07,0
0,0.07527918,0
0,6.52592e-06,0
0,0.0051526255,0
0,0.0742797,0
0,1.8675141e-09,0
0,0.00015485975,0
0,0.007818419,0
0,0.0040715584,0
0,0.03480841,0
0,0.008189679,0
0,0.051352024,0
0,3.4785835e-06,0
0,0.021499125,0
0,0.00048403264,0
0,0.0009475319,0
0,0.0012589782,0
0,3.5743545e-07,0
0,1.7121232e-05,0
0,0.4243937,0
0,0.018155742,0
0,0.00026156512,0
0,1.406231e-06,0
0,0.0006086253,0
0,6.5473316e-05,0
0,0.101082616,0
0,0.023428762,0
0,0.0057446086,0
0,0.003484144,0
0,0.034291435,0
0,0.35165167,0
0,3.5437533e-06,0
0,0.15455557,0
0,5.068907e-05,0
0,0.45044237,0
0,0.08501477,0
0,0.74683905,1
0,0.005403608,0
0,0.10260185,0
0,6.72606e-05,0
0,7.2565285e-07,0
0,0.026678812,0
0,0.074994765,0
0,0.39839643,0
0,0.00030001538,0
0,0.0024183954,0
0,0.084262654,0
0,0.06733165,0
0,9.548755e-07,0
0,0.11227884,0
0,0.13473207,0
0,3.3566553e-07,0
0,0.50938064,0
0,0.0046922863,0
0,0.64574593,1
0,0.034627356,0
0,6.5067275e-07,0
0,0.00029301617,0
0,0.00015827526,0
0,0.29049712,0
0,0.019094354,0
0,0.00014230615,0
0,4.5973684e-06,0
0,0.0014861667,0
0,0.00996102,0
0,0.006546815,0
0,0.00086700637,0
0,0.7036287,1
0,0.0003398071,0
0,0.23748735,0
0,8.612082e-07,0
0,2.491165e-05,0
0,0.10829576,0
0,0.009355524,0
0,0.0007691064,0
0,0.033395767,0
0,0.94101,1
0,3.7279595e-05,0
0,0.94318604,1
0,0.00061134266,0
0,2.316673e-06,0
0,0.16885534,0
0,1.5326048e-06,0
0,9.5370115e-06,0
0,0.0005418195,0
0,0.20788465,0
0,0.7186799,1
0,0.01610731,0
0,0.059046376,0
0,0.01957449,0
0,0.0010145907,0
0,0.34221894,0
0,0.13789043,0
0,0.7786127,1
0,0.0004578472,0
0,0.67671555,1
0,0.0018819432,0
0,0.00092599523,0
0,0.9681874,1
0,0.00021606844,0
0,2.6803377e-06,0
0,0.4037983,0
0,0.00424084,0
0,0.0006148747,0
0,0.0007869244,0
0,0.0005297291,0
0,0.0197631,0
0,0.8459444,1
0,0.26377845,0
0,0.58522403,0
0,1.8715302e-05,0
0,6.680896e-05,0
0,0.14781453,0
0,0.12565428,0
0,3.0679657e-05,0
0,0.43655452,0
0,0.00011568987,0
0,0.0001525161,0
0,0.11207418,0
0,0.015222352,0
0,0.00027136074,0
0,0.8040671,1
0,0.00422271,0
0,5.853897e-06,0
0,0.0032858117,0
0,0.0008889384,0
0,0.05458046,0
0,0.7952213,1
0,1.2109261e-07,0
0,0.000653977,0
0,0.00048554444,0
0,0.017603267,0
0,0.007490161,0
0,0.0017426783,0
0,0.921437,1
0,0.00015491484,0
0,4.5396395e-05,0
0,0.9261911,1
0,0.044879366,0
0,0.00011865529,0
0,0.00015705122,0
0,7.837127e-05,0
0,0.0017780021,0
0,2.2585793e-10,0
0,5.3128657e-05,0
0,6.698593e-05,0
0,0.00039142114,0
0,0.35273394,0
0,0.41719574,0
0,0.30031896,0
0,0.000554128,0
0,0.87669307,1
0,0.052401923,0
0,4.835339e-05,0
0,0.8647759,1
0,0.0014287872,0
0,0.5046945,0
0,0.15589489,0
0,4.0670724e-07,0
0,0.19039723,0
0,0.07874797,0
0,0.07808964,0
0,0.02638045,0
0,0.00023407066,0
0,2.1136874e-07,0
0,0.021828745,0
0,0.04052402,0
0,0.060448922,0
0,0.5161725,0
0,0.0015150086,0
0,0.12747593,0
0,0.013814204,0
0,0.057213597,0
0,0.0018896258,0
0,0.021219628,0
0,0.3009115,0
0,0.9667495,1
0,0.000119688135,0
0,0.12199014,0
0,0.0024470086,0
0,0.0829766,0
0,0.19285414,0
0,6.422096e-07,0
0,0.0013658518,0
0,0.0007941157,0
0,0.0029256816,0
0,0.0013947696,0
1,1.0,1
1,0.93201363,1
1,0.99988604,1
1,0.8248106,1
1,0.9998808,1
1,5.5969722e-05,0
1,0.99999535,1
1,0.87293977,1
1,0.9946555,1
1,0.96032184,1
1,0.99829644,1
1,0.9999994,1
1,0.99972004,1
1,0.91784763,1
1,0.99094415,1
1,0.99951804,1
1,0.99986815,1
1,0.9998778,1
1,0.9914902,1
1,0.904006,1
1,0.99979144,1
1,0.9998406,1
1,0.99994195,1
1,0.99875665,1
1,0.9999994,1
1,0.7920814,1
1,0.98879087,1
1,0.99975616,1
1,0.9957029,1
1,0.8783146,1
1,0.9992612,1
1,1.0,1
1,0.99997103,1
1,0.9961553,1
1,1.0,1
1,0.9860719,1
1,0.9704541,1
1,0.99967,1
1,0.9999995,1
1,0.99741447,1
1,0.6219905,1
1,0.05038033,0
1,0.9994653,1
1,0.99737704,1
1,0.9965174,1
1,0.952564,1
1,1.0,1
1,0.55756485,0
1,0.9387082,1
1,0.9995441,1
1,0.9999951,1
1,1.0,1
1,0.9802546,1
1,0.9963259,1
1,0.779058,1
1,0.2768363,0
1,0.99996245,1
1,0.9924069,1
1,0.9832323,1
1,0.97765017,1
1,0.99534035,1
1,0.99999905,1
1,0.9997104,1
1,0.9943984,1
1,0.99995196,1
1,1.0,1
1,0.99917173,1
1,0.9998988,1
1,0.9999937,1
1,0.010316242,0
1,0.9974934,1
1,0.9999999,1
1,0.9997553,1
1,0.05223654,0
1,0.9276609,1
1,0.999619,1
1,0.7341432,1
1,0.9996971,1
1,0.9999939,1
1,0.99934405,1
1,0.00018692686,0
1,0.99925894,1
1,0.9998621,1
1,0.9998361,1
1,0.99989986,1
1,0.9568182,1
1,0.9999684,1
1,0.99999094,1
1,0.6325279,1
1,0.9516175,1
1,0.9957925,1
1,0.99668354,1
1,0.9983895,1
1,0.9999999,1
1,0.99998486,1
1,0.99998415,1
1,0.99917233,1
1,0.99999976,1
1,0.99993074,1
1,0.99128306,1
1,0.69940615,1
1,0.95188755,1
1,0.9999982,1
1,0.9999914,1
1,0.9999995,1
1,0.9799921,1
1,0.98917806,1
1,0.99923956,1
1,0.9999962,1
1,0.9992299,1
1,0.9980287,1
1,0.9286429,1
1,0.8410789,1
1,0.99997914,1
1,0.24644253,0
1,0.9990852,1
1,1.0,1
1,0.99999595,1
1,0.8436991,1
1,0.5934772,0
1,0.99861586,1
1,0.9999999,1
1,0.9887927,1
1,0.9995283,1
1,0.9987728,1
1,0.9998159,1
1,0.9999964,1
1,0.99980575,1
1,0.60321945,1
1,0.8045326,1
1,0.99971324,1
1,0.9999982,1
1,0.99633056,1
1,0.99744785,1
1,0.9999633,1
1,0.99999714,1
1,0.9999999,1
1,0.9986382,1
1,0.9998642,1
1,0.8528628,1
1,0.022980133,0
1,0.9977957,1
1,0.99999976,1
1,0.9367776,1
1,0.99999154,1
1,0.9504237,1
1,0.96254617,1
1,0.9999969,1
1,0.99995935,1
1,0.99976987,1
1,0.9998122,1
1,0.99922526,1
1,0.976503,1
1,0.9973961,1
1,0.9383186,1
1,0.99955875,1
1,0.9999999,1
1,1.0,1
1,0.997701,1
1,0.5497519,0
1,0.9999995,1
1,0.58958656,0
1,0.30617523,0
1,0.99999285,1
1,0.9906929,1
1,0.4490892,0
1,0.9945041,1
1,0.998176,1
1,0.9999417,1
1,0.8950097,1
1,0.9578253,1
1,0.999188,1
1,0.99999,1
1,0.9926011,1
1,0.004205779,0
1,0.9074428,1
1,0.9999943,1
1,0.9999864,1
1,0.99985313,1
1,0.9647718,1
1,0.99984944,1
1,0.93058103,1
1,0.9943632,1
1,0.6636158,1
1,0.9994419,1
1,0.99997723,1
1,0.9999138,1
1,0.9576817,1
1,0.9985839,1
1,0.9964952,1
1,0.9999963,1
1,0.9998828,1
1,0.9959858,1
1,0.9022661,1
1,0.989165,1
1,0.9999131,1
1,0.9998659,1
1,0.95428336,1
1,0.9999988,1
1,0.993905,1
1,0.9616496,1
1,0.9794448,1
1,0.99965787,1
1,0.70798475,1
1,0.62684345,1
1,0.994978,1
1,0.6669978,1
1,0.99952066,1
1,0.9984692,1
1,0.9854675,1
1,0.9999968,1
1,0.99032927,1
1,0.9990067,1
1,0.999343,1
1,0.9999999,1
1,0.0017394878,0
1,0.99999666,1
1,0.9565654,1
1,0.92706734,1
1,0.26978198,0
1,0.896819,1
1,0.99995697,1
1,0.999966,1
1,0.99335194,1
1,0.79205465,1
1,0.9999845,1
1,0.99998677,1
1,0.99999833,1
1,1.0,1
1,0.999998,1
1,0.99917066,1
1,0.9999999,1
1,0.99484116,1
1,0.9954698,1
1,0.9999976,1
1,0.99345016,1
1,0.9999975,1
1,0.8756404,1
1,0.9999982,1
1,0.9865911,1
1,0.9999995,1
1,0.9609076,1
1,1.0,1
1,0.9999695,1
1,0.735004,1
1,0.99822,1
1,0.8272517,1
1,0.9999995,1
1,0.99889034,1
1,0.9991831,1
1,0.9582983,1
1,0.7918043,1
1,0.99999917,1
1,0.9995989,1
1,0.99997187,1
1,0.9999894,1
1,0.9989427,1
1,0.99999976,1
1,0.99999404,1
1,0.62776667,1
1,0.9999993,1
1,1.0,1
1,0.83582807,1
1,0.9826987,1
1,0.9931799,1
1,0.9983541,1
1,0.999864,1
1,0.9786168,1
1,0.99999464,1
1,0.9990283,1
1,0.99988425,1
1,0.9967847,1
1,0.03601214,0
1,0.8732898,1
1,0.9759774,1
1,0.9999001,1
1,0.99991834,1
1,0.9541148,1
1,0.99935645,1
1,0.9999256,1
1,0.5139836,0
1,0.99998736,1
1,0.99999297,1
1,0.9998441,1
1,1.0,1
1,0.99912375,1
1,0.99999976,1
1,0.99999857,1
1,0.99418443,1
1,0.99984264,1
1,0.8004243,1
1,0.99994636,1
1,0.9840613,1
1,0.5564594,0
1,0.9999504,1
1,0.99485457,1
1,0.99999774,1
1,0.99997437,1
1,0.9692318,1
1,0.9999902,1
1,0.9999988,1
1,0.99999344,1
1,0.9999814,1
1,0.92578405,1
1,0.9979534,1
1,0.99968183,1
1,0.9686612,1
1,0.99994886,1
1,0.99999857,1
1,0.999655,1
1,0.9999999,1
1,0.9999993,1
1,0.9999995,1
1,0.96033746,1
1,0.9982229,1
1,0.9670743,1
1,0.65517366,1
1,0.9815617,1
1,0.99993825,1
1,0.997851,1
1,0.99999285,1
1,0.9490854,1
1,0.99897015,1
1,0.9951095,1
1,0.9988539,1
1,0.9957781,1
1,0.934117,1
1,0.9992156,1
1,0.99998105,1
1,0.9999664,1
1,0.9854209,1
1,0.9999995,1
1,0.9999988,1
1,0.9990275,1
1,0.9999926,1
1,0.9999198,1
1,0.976722,1
1,1.0,1
1,0.96665335,1
1,0.8838481,1
1,0.9983134,1
1,0.9999751,1
1,0.98787385,1
1,0.9996493,1
1,0.9869387,1
1,0.9962353,1
1,0.99463516,1
1,0.99997914,1
1,0.99164855,1
1,0.9773406,1
1,0.9823402,1
1,0.9996319,1
1,0.999856,1
1,0.9938257,1
1,0.9985216,1
1,0.023598025,0
1,0.9999981,1
1,0.99976474,1
1,0.9922019,1
1,0.9262502,1
1,0.9830828,1
1,0.99712163,1
1,0.9999846,1
1,0.4846515,0
1,0.9999895,1
1,0.99999547,1
1,0.999997,1
1,0.5326147,0
1,0.9990349,1
1,0.9994653,1
1,0.073453814,0
1,0.9927941,1
1,0.9999993,1
1,0.7490163,1
1,0.9746012,1
1,0.18297829,0
1,0.999974,1
1,0.999938,1
1,0.9964683,1
1,0.9999963,1
1,0.9974107,1
1,0.9999987,1
1,0.9660826,1
1,0.9999975,1
1,0.99955446,1
1,0.98383427,1
1,0.99963963,1
1,0.7718533,1
1,0.99896157,1
1,0.9999912,1
1,0.92256796,1
1,0.08416623,0
1,0.9997905,1
1,0.98287857,1
1,0.98890114,1
1,0.6907114,1
1,0.9998486,1
1,0.9877907,1
1,0.98503244,1
1,0.8858149,1
1,0.95795876,1
1,0.99999976,1
1,1.0,1
1,0.9999999,1
1,0.9819806,1
1,0.99993217,1
1,0.99999225,1
1,0.9629341,1
1,0.9443979,1
1,0.9998772,1
1,0.99997663,1
1,0.99959546,1
1,0.9999701,1
1,0.9997279,1
1,0.93334633,1
1,0.9987463,1
1,0.9999521,1
1,0.9999703,1
1,0.9999627,1
1,0.99951327,1
1,0.2904505,0
1,0.84541523,1
1,0.9999974,1
1,0.90722275,1
1,0.9928725,1
1,1.0,1
1,0.9996482,1
1,0.09316175,0
1,1.0,1
1,0.9925956,1
1,0.9999927,1
1,0.85499185,1
1,0.99702626,1
1,0.71508116,1
1,0.99961996,1
1,0.09975608,0
1,0.9987035,1
1,0.9253738,1
1,0.997603,1
1,0.99830806,1
1,0.9980623,1
1,1.0,1
1,0.99853206,1
1,0.96002376,1
1,0.9951408,1
1,0.9999995,1
1,0.9999982,1
1,0.9999999,1
1,0.88665664,1
1,0.9849032,1
1,0.9980142,1
1,0.993211,1
1,0.99936455,1
1,0.9995782,1
1,0.999328,1
1,0.99623543,1
1,0.9541859,1
1,0.9994419,1
1,0.9740415,1
1,0.16115277,0
1,0.9975038,1
1,0.8700952,1
1,0.99997854,1
1,0.9999988,1
1,0.26093093,0
1,0.5484721,0
1,0.99982506,1
1,0.9993087,1
1,0.9796776,1
1,0.99998546,1
1,1.0,1
1,0.9921955,1
1,0.9975368,1
1,0.99993515,1
1,0.97795516,1
1,0.9999989,1
1,0.98094857,1
1,0.99972504,1
1,0.87790954,1
1,0.9999999,1
1,0.9998642,1
1,0.9818907,1
1,0.9877037,1
1,0.9998037,1
1,0.46609825,0
1,0.9999068,1
1,0.49447575,0
1,0.9994386,1
1,0.99937516,1
1,0.99999917,1
1,0.9999733,1
1,0.64061934,1
1,0.99999905,1
1,1.0,1
1,0.9998516,1
1,0.99551207,1
1,0.951603,1
1,0.9924184,1
1,0.9910381,1
1,0.99845195,1
1,0.99999976,1
1,0.9989912,1
1,0.9999685,1
1,0.9661062,1
1,0.99532557,1
1,0.99286145,1
1,0.9999975,1
1,0.44016942,0
1,1.0,1
1,0.92297596,1
1,0.879762,1
1,0.99998975,1
1,1.0,1
1,0.99937975,1
1,0.5134741,0
1,0.99987316,1
1,0.9999999,1
1,0.99997175,1
1,0.64765304,1
1,0.9999536,1
1,0.99278176,1
1,0.9994578,1
1,0.999915,1
1,0.9999987,1
1,0.999798,1
1,0.99971503,1
1,0.9930233,1
1,0.99992275,1
1,0.071880706,0
1,0.9999672,1
1,0.9999968,1
1,0.9657073,1
1,0.92544264,1
1,0.6199309,1
1,0.5836262,0
1,0.9999769,1
1,0.9999999,1
1,0.9999987,1
1,0.99989843,1
1,0.32145548,0
1,0.98344076,1
1,0.9999981,1
1,0.14900126,0
1,0.9941089,1
1,0.99999857,1
1,0.9999982,1
1,0.9999448,1
1,0.28843236,0
1,0.93597335,1
1,0.999977,1
1,0.9277754,1
1,0.98591214,1
1,0.9999676,1
1,0.9960329,1
1,0.92474866,1
1,0.99373347,1
1,0.95990115,1
1,0.26011872,0
1,0.9879853,1
1,0.99702746,1
1,0.65930027,1
1,0.9999976,1
1,0.99999964,1
1,0.86228776,1
1,0.9999263,1
1,0.999233,1
1,0.9989004,1
1,0.997988,1
1,0.9994068,1
1,0.9686558,1
1,0.988772,1
1,0.9999999,1
1,0.9999989,1
1,0.9928813,1
1,0.8778992,1
1,0.24167085,0
1,0.9999964,1
1,0.99730456,1
1,0.9996848,1
1,0.99999976,1
1,0.99482524,1
1,0.99988806,1
1,0.9999958,1
1,0.9996617,1
1,0.13079886,0
1,0.9999964,1
1,0.99987173,1
1,0.9998306,1
1,1.0,1
1,0.9997688,1
1,0.9999212,1
1,0.31322268,0
1,0.9160449,1
1,0.99594337,1
1,0.9984428,1
1,0.96089023,1
1,0.99966264,1
1,0.99489045,1
1,0.9999999,1
1,0.8204207,1
1,0.99986863,1
1,0.9999647,1
1,0.9933276,1
1,0.99892277,1
1,0.9993173,1
1,0.9922403,1
1,0.9978607,1
1,0.999962,1
1,0.9999989,1
1,0.9997222,1
1,0.99738187,1
1,1.0,1
1,0.9995449,1
1,0.8790041,1
1,0.8397213,1
1,0.9998846,1
1,0.99997616,1
1,0.99655294,1
1,0.22228827,0
1,0.999977,1
1,0.99917763,1
1,1.0,1
1,0.9996352,1
1,0.8899553,1
1,0.99996877,1
1,0.99101907,1
1,0.9995685,1
1,0.54376274,0
1,0.4249867,0
1,0.9999771,1
1,0.999985,1
1,0.9800755,1
1,0.9999701,1
1,0.99992955,1
1,0.9994703,1
1,0.8965146,1
1,0.9892235,1
1,0.4381948,0
1,0.99999964,1
1,0.9999224,1
1,0.9992378,1
1,0.9999236,1
1,0.9989806,1
1,1.0,1
1,0.99785966,1
1,0.9999994,1
1,0.99990296,1
1,1.0,1
1,0.99971884,1
1,0.5092943,0
1,0.99997723,1
1,0.99996066,1
1,0.6489174,1
1,0.9999018,1
1,0.121356025,0
1,0.9999999,1
1,0.9985349,1
1,0.9981415,1
1,0.9999795,1
1,0.19510475,0
1,0.59033126,0
1,0.9999021,1
1,0.999977,1
1,0.017026871,0
1,0.99994576,1
1,0.99976736,1
1,0.9537781,1
1,0.8549081,1
1,0.94879943,1
1,0.98679745,1
1,0.9999864,1
1,0.9998072,1
1,0.9766335,1
1,0.9999968,1
1,0.21411282,0
1,0.99991214,1
1,0.9995204,1
1,0.9961158,1
1,0.97513074,1
1,0.9989372,1
1,0.9989207,1
1,0.9998031,1
1,0.847939,1
1,0.9608995,1
1,0.98539805,1
1,0.96744484,1
1,0.9994512,1
1,0.90648115,1
1,0.9985545,1
1,0.89767456,1
1,0.9997025,1
1,0.9999974,1
1,0.9998987,1
1,0.9995326,1
1,0.9998735,1
1,0.9967282,1
1,0.8967951,1
1,0.9999999,1
1,0.999746,1
1,0.99672383,1
1,0.9993818,1
1,1.0,1
1,0.9310922,1
1,0.56665134,0
1,0.9979265,1
1,0.9088738,1
1,0.9963921,1
1,0.9990029,1
1,0.9998173,1
1,0.9999516,1
1,0.90202343,1
1,0.7431922,1
1,0.0002056857,0
1,0.9777508,1
1,0.906209,1
1,0.82092613,1
1,0.9371465,1
1,0.99440247,1
1,0.9910252,1
1,0.31975925,0
1,0.35758337,0
1,0.9995633,1
1,0.9987771,1
1,0.9985843,1
1,0.99993956,1
1,0.9999355,1
1,0.9998357,1
1,0.99975616,1
1,0.99997985,1
1,0.5820542,0
1,0.999995,1
1,0.13100216,0
1,0.99986625,1
1,0.96221447,1
1,0.9988329,1
1,0.998408,1
1,0.9940519,1
1,0.6898799,1
1,0.81636846,1
1,0.9999914,1
1,0.9749937,1
1,0.9999672,1
1,0.9895695,1
1,1.0,1
1,0.99998534,1
1,0.9949562,1
1,0.97729343,1
1,0.905204,1
1,0.99999976,1
1,0.9999995,1
1,0.9735598,1
1,0.99999917,1
1,0.99999976,1
1,0.99995697,1
1,0.9999801,1
1,0.99697936,1
1,1.0,1
1,1.0,1
1,0.99999845,1
1,0.9997155,1
1,0.99998295,1
1,0.65102214,1
1,0.9187747,1
1,0.9980866,1
1,0.99996185,1
1,0.9995453,1
1,0.9913408,1
1,0.9999993,1
1,0.9863322,1
1,0.86712587,1
1,0.9999993,1
1,1.0,1
1,0.99204355,1
1,0.9691589,1
1,0.74762213,1
1,0.76651657,1
1,0.9984371,1
1,0.99149317,1
1,0.9976967,1
1,0.9970607,1
1,0.9995695,1
1,0.99995494,1
1,0.9771113,1
1,0.9996904,1
1,0.9999881,1
1,0.9998636,1
1,0.99993384,1
1,0.9999999,1
1,0.99961615,1
1,0.8865246,1
1,0.93290716,1
1,0.9908535,1
1,0.9985707,1
1,0.99996376,1
1,0.9960407,1
1,0.9508093,1
1,1.0,1
1,0.99959654,1
1,1.0,1
1,0.9994844,1
1,0.9946845,1
1,0.62861675,1
1,0.9999976,1
1,0.9883409,1
1,0.9445553,1
1,0.9999995,1
1,0.90526646,1
1,0.4985325,0
1,0.9987085,1
1,0.99839044,1
1,0.9975527,1
1,0.999972,1
1,0.9996032,1
1,0.9734185,1
1,0.999979,1
1,0.99999833,1
1,0.9988734,1
1,0.9999987,1
1,0.9728957,1
1,0.99999964,1
1,0.99999356,1
1,0.9996501,1
1,0.99999213,1
1,0.9999999,1
1,0.9981646,1
1,0.9987035,1
1,0.829311,1
1,0.9999994,1
1,0.99998367,1
1,0.99999964,1
1,0.9880795,1
1,0.89312595,1
1,0.99994826,1
1,0.98714244,1
1,0.675174,1
1,0.9981129,1
1,0.99605334,1
1,0.99833137,1
1,0.9999994,1
1,0.5243462,0
1,0.9340234,1
1,1.0,1
1,0.24404502,0
1,0.99994206,1
1,0.99903935,1
1,0.9520012,1
1,0.7306424,1
1,0.4424734,0
1,0.9998623,1
1,0.87805986,1
1,0.6960479,1
1,0.9999999,1
1,0.5952732,0
1,0.9999809,1
1,0.97250843,1
1,0.99999726,1
1,0.99992085,1
1,0.95652145,1
1,0.1365255,0
1,0.9998179,1
1,0.9986389,1
1,0.9983084,1
1,0.9078754,1
1,0.9878848,1
1,0.97484916,1
1,0.9999646,1
1,0.99995387,1
1,0.99999976,1
1,0.40703505,0
1,0.9997645,1
1,0.89480716,1
1,0.9998215,1
1,0.9999993,1
1,0.9961266,1
1,0.98918146,1
1,0.967716,1
1,0.90536034,1
1,0.9999974,1
1,0.8020401,1
1,0.9973049,1
1,0.99928075,1
1,0.1499883,0
1,0.9999628,1
1,0.41600525,0
1,0.9999963,1
1,0.99997425,1
1,0.9999932,1
1,0.5439628,0
1,0.990626,1
1,0.999997,1
1,0.9999987,1
1,0.999835,1
1,0.98600775,1
1,0.999997,1
1,0.999972,1
1,0.99997354,1
1,0.97202253,1
1,0.99999905,1
1,0.9999645,1
1,0.92936164,1
1,0.9989255,1
1,0.9975254,1
1,0.4875915,0
1,0.9999912,1
1,0.9461035,1
1,0.99993205,1
1,0.99815553,1
1,0.9999989,1
1,0.99999917,1
1,0.99434704,1
1,0.99647874,1
1,0.9998827,1
1,0.99442345,1
1,0.999987,1
1,0.99989665,1
1,0.9982469,1
1,0.9447361,1
1,0.9581999,1
1,0.99999785,1
1,0.7740166,1
1,0.9540178,1
1,0.18761468,0
1,0.9903116,1
1,0.7234518,1
1,0.9999386,1
1,0.9999825,1
1,0.10604076,0
1,0.99949074,1
1,0.108343385,0
1,0.9999665,1
1,0.9990607,1
1,0.82079124,1
1,0.9963691,1
1,0.9999988,1
1,0.99968815,1
1,0.98454434,1
1,0.9734509,1
1,0.9996358,1
1,0.9990589,1
1,0.9999958,1
1,0.7107642,1
1,0.9996408,1
1,0.96593314,1
1,0.99998105,1
1,0.99917644,1
1,0.9999939,1
1,0.99899787,1
1,0.6119111,1
1,0.5184735,0
1,0.58875483,0
1,0.9994259,1
1,0.8368436,1
1,0.99366415,1
1,0.9999701,1
1,0.9839924,1
1,0.99996674,1
1,0.99786866,1
1,0.99904794,1
1,0.9999635,1
1,0.9584158,1
1,1.0,1
1,0.0021960898,0
1,0.99992895,1
1,0.9991054,1
1,0.9921681,1
1,0.9759219,1
1,0.9999987,1
1,1.0,1
1,0.99998486,1
1,0.99982196,1
1,0.98848397,1
1,0.99996066,1
1,0.99999034,1
1,0.9776683,1
1,0.8111495,1
1,0.9999999,1
1,0.22146419,0
1,0.9999974,1
1,0.99960047,1
1,0.9691479,1
1,0.9963981,1
1,0.09125294,0
1,0.75048155,1
1,0.72945637,1
1,0.99961674,1
1,0.99979335,1
1,0.9632858,1
1,0.99727315,1
1,0.99961734,1
1,0.99332845,1
1,4.596681e-05,0
1,0.8812088,1
1,0.9938765,1
1,0.999689,1
1,0.9546684,1
1,0.99105424,1
1,0.999979,1
1,0.41616097,0
1,0.30981088,0
1,0.99789584,1
1,0.99999857,1
1,0.99797565,1
1,0.89822847,1
1,0.9073563,1
1,0.13688242,0
1,0.99905807,1
1,0.99752945,1
1,0.9998617,1
1,0.9863755,1
1,0.71815425,1
1,0.9999974,1
1,0.9998068,1
1,0.96529394,1
1,0.99999857,1
1,0.9999738,1
1,0.9563791,1
1,0.9695063,1
1,0.99495476,1
1,0.9999987,1
1,0.9999994,1
1,0.77831966,1
1,0.9942549,1
1,0.09916317,0
1,0.999972,1
1,0.99933845,1
1,0.990965,1
1,0.8526268,1
1,0.999966,1
1,0.0038476672,0
1,0.99794894,1
1,0.9961747,1
1,0.9998727,1
1,0.95545834,1
1,0.99998295,1
1,0.99994195,1
1,0.8118103,1
1,0.9925095,1
1,0.9991141,1
1,0.9930784,1
1,0.99999356,1
1,1.0,1
1,0.9964406,1
1,0.9993179,1
1,0.9999553,1
1,0.99793833,1
1,0.9999963,1
1,0.9999933,1
1,0.998204,1
1,0.99999225,1
1,0.59895706,0
1,0.99411595,1
1,0.9913862,1
1,0.9968837,1
1,0.9998029,1
1,0.9999609,1
1,0.99999976,1
1,0.9994073,1
1,0.99992275,1
1,0.99297816,1
1,0.99998665,1
1,0.9962739,1
1,0.9999659,1
1,0.8794002,1
1,0.9999993,1
1,0.9996898,1
1,0.99996877,1
1,0.9999988,1
1,0.9971847,1
1,0.9998847,1
1,0.9825424,1
1,0.9999864,1
1,1.0,1
1,0.99998593,1
1,0.99995995,1
1,0.9583017,1
1,0.9947207,1
1,0.97569555,1
1,0.99992156,1
1,0.9984189,1
1,0.9996222,1
1,0.8477009,1
1,0.9434701,1
1,0.9997696,1
1,0.9937354,1
1,0.99998343,1
1,0.29242,0
1,0.9983181,1
1,0.9873143,1
1,0.020652397,0
1,1.0,1
1,0.9985391,1
1,0.99864966,1
1,0.9995522,1
1,0.9998789,1
1,0.9998054,1
1,0.999951,1
1,0.9983394,1
1,0.9256435,1
1,0.99885714,1
1,0.9999286,1
1,0.9983575,1
1,0.8198958,1
1,0.99999094,1
1,0.99999523,1
1,0.6460428,1
1,0.9999678,1
1,0.99961036,1
1,0.9999951,1
1,0.9928699,1
1,0.9831329,1
1,0.9806888,1
1,0.9777779,1
1,0.99999917,1
1,0.9440762,1
1,0.99996674,1
1,0.99934655,1
1,1.0,1
1,1.0,1
1,0.986394,1
1,0.9951067,1
1,0.9999784,1
1,0.9984915,1
1,1.0,1
1,0.98817307,1
1,0.40401885,0
1,0.9991196,1
1,0.9999969,1
1,0.9989833,1
1,0.4836487,0
1,0.9987978,1
1,0.9999975,1
1,0.99999833,1
1,0.99998677,1
1,0.9282123,1
1,0.41270983,0
1,0.9446885,1
1,0.9956234,1
1,0.9986689,1
1,0.9151689,1
1,0.9993931,1
1,0.9801599,1
1,0.9999993,1
1,1.0,1
1,0.8340498,1
1,0.9991768,1
1,0.9962451,1
1,0.98481214,1
1,0.99994195,1
1,0.94015306,1
1,0.9963736,1
1,0.99965334,1
1,0.9995223,1
1,0.9914693,1
1,0.3360647,0
1,0.99995637,1
1,0.96854824,1
1,0.999995,1
1,0.9033557,1
1,0.96974045,1
1,0.99999785,1
1,0.99950397,1
1,0.9968839,1
1,0.99881196,1
1,0.9997644,1
1,0.9989748,1
1,0.99999714,1
1,0.99996793,1
1,0.9999522,1
1,0.9996681,1
1,0.9999982,1
1,0.9999981,1
1,0.99999154,1
1,0.9369333,1
1,0.99999857,1
1,0.990455,1
1,0.8537812,1
1,0.9652365,1
1,0.99999964,1
1,0.9997781,1
1,0.98621434,1
1,0.99813604,1
1,0.9528375,1
1,0.99991596,1
1,0.99999905,1
1,0.9999231,1
1,0.73097897,1
1,0.99121815,1
1,0.99999595,1
1,0.9398355,1
1,0.6112838,1
1,0.9699561,1
1,0.789876,1
1,0.99996233,1
1,0.99773955,1
1,0.99993145,1
1,0.9999999,1
1,0.9994469,1
1,0.99999964,1
1,0.98418707,1
1,0.5031397,0
1,0.84143305,1
1,0.99993587,1
1,0.999992,1
1,0.79801154,1
1,1.0,1
1,0.9999987,1
1,0.99999404,1
1,0.999127,1
1,1.0,1
1,0.9986986,1
1,0.99999356,1
1,0.9999894,1
1,0.9989072,1
1,0.9984963,1
1,0.9563508,1
1,0.99901605,1
1,0.99895465,1
1,0.9899272,1
1,0.9999454,1
1,0.9998964,1
1,0.99920964,1
1,0.2284663,0
1,0.81039095,1
1,0.99999917,1
1,0.9919521,1
1,0.9999989,1
1,0.80485255,1
1,0.9887322,1
1,0.99995685,1
1,0.9999393,1
1,0.99999976,1
1,0.98955244,1
1,0.9968167,1
1,0.8140566,1
1,0.9999924,1
1,0.5455022,0
1,0.99975675,1
1,0.9998833,1
1,0.99958545,1
1,0.96643704,1
1,0.99947375,1
1,0.9989336,1
1,0.8469683,1
1,0.06273388,0
1,0.94999105,1
1,0.99770975,1
1,0.99785966,1
1,0.9999707,1
1,0.9999988,1
1,0.9972785,1
1,0.99999344,1
1,0.99380374,1
1,0.98908454,1
1,0.32866237,0
1,0.9999927,1
1,0.9964749,1
1,0.9981437,1
1,0.69660103,1
1,0.9986885,1
1,0.99982125,1
1,0.99994254,1
1,0.2712431,0
1,0.9999999,1
1,0.9995189,1
1,0.99928826,1
1,0.9275047,1
1,0.99617296,1
1,0.9690675,1
1,0.9999994,1
1,0.9999548,1
1,0.9999999,1
1,0.9890248,1
1,0.9974221,1
1,0.734463,1
1,0.99999344,1
1,0.9951702,1
1,0.9992939,1
1,0.6937112,1
1,0.9192997,1
1,0.97954595,1
1,0.9345678,1
1,0.95233005,1
1,0.99960726,1
1,0.9996948,1
1,0.99998486,1
1,0.35007682,0
1,0.9999999,1
1,0.20656931,0
1,0.97921044,1
1,0.999998,1
1,0.9999975,1
1,0.9999448,1
1,0.9999889,1
1,0.9910205,1
1,0.98273736,1
1,0.2246289,0
1,0.95948845,1
1,0.9067781,1
1,0.9988487,1
1,0.99930835,1
1,0.9999665,1
1,0.99999857,1
1,0.9994073,1
1,1.0,1
1,0.7696298,1
1,0.9941829,1
1,0.97731453,1
1,0.9870667,1
1,0.9997507,1
1,0.9999887,1
1,0.99601597,1
1,0.99999523,1
1,0.78729635,1
1,0.9997998,1
1,0.8447037,1
1,0.120364234,0
1,0.99998474,1
1,0.99894446,1
1,0.9995734,1
1,0.9202392,1
1,0.98877,1
1,0.9999155,1
1,0.9998815,1
1,0.99924064,1
1,0.99581724,1
1,0.9533859,1
1,0.99992,1
1,0.9999999,1
1,0.935164,1
1,0.99973625,1
1,0.99749666,1
1,0.9999995,1
1,0.46968365,0
1,0.98667544,1
1,0.999749,1
1,1.0,1
1,0.99797744,1
1,0.9516219,1
1,0.93009824,1
1,0.99996006,1
1,0.9483859,1
1,0.92018247,1
1,0.99974936,1
1,0.5239004,0
1,0.9999261,1
1,0.99995947,1
1,0.3366969,0
1,0.99999964,1
1,0.9990023,1
1,0.9987515,1
1,0.98388493,1
1,0.95903325,1
1,0.9999877,1
1,0.99932873,1
1,0.9999491,1
1,0.94390106,1
1,1.0,1
1,0.93286484,1
1,0.99995613,1
1,0.99984217,1
1,0.99597824,1
1,0.9960258,1
1,0.9999989,1
1,0.022344172,0
1,0.9797472,1
1,0.9927913,1
1,0.9999844,1
1,0.9998486,1
1,0.99713033,1
1,0.9957659,1
1,0.99653244,1
1,0.99976236,1
1,0.9946142,1
1,1.0,1
1,0.9932569,1
1,0.82168865,1
1,0.7785786,1
1,0.9965166,1
1,0.99714154,1
1,0.99961793,1
1,0.9804207,1
1,0.99999905,1
1,0.9681416,1
1,0.98944676,1
1,0.9983475,1
1,0.99965346,1
1,0.98950225,1
1,0.98854864,1
1,0.9871723,1
1,0.9912509,1
1,0.99998915,1
1,0.99998224,1
1,0.9980028,1
1,0.29666713,0
1,0.057797093,0
1,0.99869484,1
1,0.9999627,1
1,0.9998921,1
1,0.99991083,1
1,0.99999154,1
1,0.993565,1
1,0.58274305,0
1,0.99948287,1
1,0.9867797,1
1,0.9973584,1
1,0.9998822,1
1,0.99999654,1
1,0.96956664,1
1,0.99999964,1
1,0.9231002,1
1,1.0,1
1,0.9999535,1
1,0.9999417,1
1,0.9999597,1
1,0.99999917,1
1,0.999688,1
1,0.99984086,1
1,0.99994993,1
1,0.99999475,1
1,0.52538836,0
1,0.81108606,1
1,0.99928856,1
1,0.041338347,0
1,0.99854064,1
1,0.8773418,1
1,0.76606256,1
1,0.98146343,1
1,0.9997527,1
1,0.9985655,1
1,0.99999964,1
1,0.9407914,1
1,0.16544598,0
1,0.9913454,1
1,0.9999914,1
1,1.0,1
1,0.99728394,1
1,0.99999523,1
1,0.99331105,1
1,0.999956,1
1,0.96326494,1
1,0.9999913,1
1,0.99936944,1
1,0.7584156,1
1,0.9913749,1
1,0.92732173,1
1,0.9995796,1
1,0.9932594,1
1,0.9977709,1
1,0.9463865,1
1,0.99998844,1
1,0.9999963,1
1,0.91685116,1
1,0.9981673,1
1,0.9999963,1
1,0.9998615,1
1,0.7193804,1
1,0.9999951,1
1,0.99925965,1
1,0.99945515,1
1,0.9996636,1
1,0.70562077,1
1,0.99981374,1
1,0.9999906,1
1,0.99978954,1
1,0.9867705,1
1,0.9985253,1
1,0.99487853,1
1,0.93691516,1
1,0.9991881,1
1,0.9994368,1
1,0.9999356,1
1,0.8218645,1
1,0.0672417,0
1,0.9988159,1
1,0.9997756,1
1,0.9658402,1
1,0.99999404,1
1,0.99987876,1
1,0.93087655,1
1,0.5978508,0
1,1.0,1
1,0.3027804,0
1,0.9997615,1
1,1.0,1
1,0.8763286,1
1,0.9996897,1
1,0.9543202,1
1,0.9996325,1
1,0.99995434,1
1,0.5997014,0
1,0.99715,1
1,0.9602577,1
1,0.9999999,1
1,0.99999976,1
1,0.9276518,1
1,1.0,1
1,0.0037333532,0
1,0.8068221,1
1,0.99999976,1
1,0.98436904,1
1,0.9256344,1
1,0.9580027,1
1,0.95926136,1
1,0.96363175,1
1,0.9999503,1
1,0.9999722,1
1,0.99276793,1
1,0.37051043,0
1,0.99999475,1
1,0.99999976,1
1,0.99999785,1
1,0.64214474,1
1,0.99993634,1
1,0.999995,1
1,0.9999963,1
1,0.8001188,1
1,0.99682105,1
1,0.9978733,1
1,0.59027267,0
1,0.9931577,1
1,0.99997616,1
1,0.7311934,1
1,0.97959006,1
1,0.99999964,1
1,0.99986494,1
1,0.9979329,1
1,0.99963737,1
1,0.9997011,1
1,0.3198965,0
1,0.9975931,1
1,0.99991643,1
1,0.99967504,1
1,0.3349161,0
1,0.9994814,1
1,0.4519289,0
1,0.98618734,1
1,0.47719157,0
1,0.9944588,1
1,0.9235872,1
1,0.9998,1
1,0.99998736,1
1,0.9996768,1
1,0.9999021,1
1,0.9951061,1
1,0.8729795,1
1,0.95927584,1
1,0.99945885,1
1,0.9947444,1
1,0.9636727,1
1,0.50639087,0
1,0.9180553,1
1,0.994532,1
1,0.99997735,1
1,0.9943832,1
1,0.9382648,1
1,0.99999666,1
1,0.63351786,1
1,0.89743185,1
1,0.9984762,1
1,0.98498607,1
1,0.9994966,1
1,0.99363834,1
1,0.9928619,1
1,1.0,1
1,0.9999409,1
1,0.99968445,1
1,0.9999993,1
1,0.11338313,0
1,0.9881995,1
1,0.99846834,1
1,0.9515882,1
1,0.9855402,1
1,0.9999896,1
1,0.9996917,1
1,0.99997425,1
1,0.98975617,1
1,0.9998419,1
1,0.7551596,1
1,0.9996933,1
1,0.99999845,1
1,0.037205536,0
1,0.9999999,1
1,0.9998791,1
1,0.9872844,1
1,0.99904317,1
1,0.94331807,1
1,0.03038863,0
1,0.99999344,1
1,0.097801276,0
1,0.99631953,1
1,0.99999666,1
1,0.99958724,1
1,0.99966764,1
1,0.9999634,1
1,0.44667813,0
1,0.99855787,1
1,0.99960715,1
1,0.99998116,1
1,0.999979,1
1,0.9970387,1
1,0.9992508,1
1,0.99559975,1
1,0.99528766,1
1,0.99999845,1
1,0.99999905,1
1,1.0,1
1,0.99993,1
1,0.9925417,1
1,0.99998605,1
1,0.99744284,1
1,0.9992131,1
1,0.92665917,1
1,0.99499655,1
1,0.99414045,1
1,0.99999964,1
1,0.8477432,1
1,0.99682367,1
1,0.9999815,1
1,0.99999905,1
1,0.99984884,1
1,0.8056077,1
1,0.89325494,1
1,0.9999957,1
1,0.9960842,1
1,0.9999999,1
1,0.9760566,1
1,0.018157985,0
1,0.9998871,1
1,0.9882246,1
1,0.9647704,1
1,0.9999995,1
1,0.9999503,1
1,0.99999917,1
1,0.99503666,1
1,0.9999614,1
1,0.008990356,0
1,0.9999982,1
1,0.99898523,1
1,0.86742693,1
1,0.9510542,1
1,0.9595419,1
1,0.9999989,1
1,0.9998055,1
1,1.0,1
1,0.47137487,0
1,0.9994723,1
1,0.8996863,1
1,0.99997985,1
1,0.9998833,1
1,0.99995625,1
1,0.9999999,1
1,0.99999976,1
1,0.97558004,1
1,0.9974456,1
1,0.97258425,1
1,0.8539005,1
1,0.8075977,1
1,0.99644756,1
1,0.9983308,1
1,0.7681926,1
1,0.999998,1
1,0.99984837,1
1,0.3282333,0
1,0.9226811,1
1,0.9998049,1
1,0.9999999,1
1,0.9968959,1
1,0.93595177,1
1,0.9999863,1
1,0.9950819,1
1,0.9999821,1
1,0.99894136,1
1,0.9999075,1
1,0.21462815,0
1,0.98431486,1
1,0.9360572,1
1,0.4631177,0
1,0.9999124,1
1,0.99998665,1
1,0.97362196,1
1,0.19324021,0
1,0.9999621,1
1,0.46814406,0
1,0.99444216,1
1,0.8384144,1
1,0.99999845,1
1,0.99999905,1
1,0.95636123,1
1,0.99675167,1
1,0.99988353,1
1,0.9998516,1
1,0.69832057,1
1,0.99978656,1
1,1.0,1
1,0.99123716,1
1,0.98807037,1
1,0.99733067,1
1,0.35256243,0
1,0.99999964,1
1,0.99983704,1
1,0.8416169,1
1,0.8803605,1
1,0.9686969,1
1,0.9999902,1
1,0.92193,1
1,0.9910682,1
1,0.924581,1
1,0.9996722,1
1,0.99921966,1
1,0.99637306,1
1,0.9986066,1
1,1.0,1
1,0.99977654,1
1,0.9997174,1
1,0.9994436,1
1,0.7470251,1
1,0.9126823,1
1,0.99993825,1
1,0.99997973,1
1,0.99999845,1
1,0.9982508,1
1,0.78730166,1
1,0.7070056,1
1,0.99994385,1
1,0.9985234,1
1,0.999998,1
1,0.998116,1
1,0.999985,1
1,0.97848296,1
1,0.06672792,0
1,0.3798055,0
1,0.9999976,1
1,0.9993967,1
1,0.06870678,0
1,0.99850357,1
1,0.026481332,0
1,0.99998903,1
1,0.5747113,0
1,0.9819894,1
1,0.58999443,0
1,0.9554599,1
1,0.99999976,1
1,0.47283792,0
1,0.99998593,1
1,1.0,1
1,0.9815933,1
1,0.99742377,1
1,0.99960583,1
1,0.9569899,1
1,0.99506736,1
1,0.99975926,1
1,0.9999862,1
1,0.737287,1
1,0.11197804,0
1,1.0,1
1,0.96204257,1
1,0.9999778,1
1,0.99971575,1
1,0.9999999,1
1,0.5119286,0
1,0.9999999,1
1,0.99998784,1
1,0.8404912,1
1,0.9999386,1
1,0.9980233,1
1,0.9999509,1
1,0.9884409,1
1,0.99991703,1
1,0.9790051,1
1,1.0,1
1,0.99999976,1
1,0.99999917,1
1,0.96240115,1
1,0.9850767,1
1,0.9999949,1
1,0.86012805,1
1,0.9999926,1
1,0.9924759,1
1,0.89660513,1
1,0.9580654,1
1,0.98950714,1
1,0.99913174,1
1,0.9999993,1
1,0.9512596,1
1,0.9998171,1
1,0.9616282,1
1,0.96830875,1
1,0.9977004,1
1,0.9094817,1
1,0.9999939,1
1,0.99108714,1
1,0.9999422,1
1,0.9995766,1
1,0.9987882,1
1,0.99928683,1
1,0.5819901,0
1,0.99217504,1
1,0.9993036,1
1,1.0,1
1,0.4112529,0
1,0.99999464,1
1,0.9999628,1
1,0.9993237,1
1,0.9999999,1
1,0.9992374,1
1,0.99989367,1
1,0.9993451,1
1,0.99824905,1
1,0.09254506,0
1,0.9959777,1
1,0.98063195,1
1,0.9999864,1
1,0.9999875,1
1,0.99446183,1
1,0.99999964,1
1,0.99934286,1
1,0.4735701,0
1,0.99999964,1
1,0.9198922,1
1,1.0,1
1,0.9999318,1
1,0.9991541,1
1,0.98083353,1
1,0.9963237,1
1,0.92930585,1
1,0.9999968,1
1,0.99992144,1
1,0.9523559,1
